day,value
2014/03/07,7.5871
2014/03/08,7.3276
2014/03/09,7.8702
2014/03/10,7.4195
2014/03/11,7.4085
2014/03/12,7.6531
2014/03/13,7.5892
2014/03/14,7.2857
2014/03/15,7.3979
2014/03/16,7.1212
2014/03/17,6.9119
2014/03/18,6.5965
2014/03/19,6.4854
2014/03/20,6.034
2014/03/21,5.777
2014/03/22,5.3122
2014/03/23,5.382
2014/03/24,5.3942
2014/03/25,5.5467
2014/03/26,5.5228
2014/03/27,5.1541
2014/03/28,4.0172
2014/03/29,3.9563
2014/03/30,3.4306
2014/03/31,3.2202
2014/04/01,3.4943
2014/04/02,2.8923
2014/04/03,2.9926
2014/04/04,2.9892
2014/04/05,3.1753
2014/04/06,3.0904
2014/04/07,3.0232
2014/04/08,2.9
2014/04/09,2.7439
2014/04/10,1.8286
2014/04/11,2.4557
2014/04/12,2.4406
2014/04/13,2.3537
2014/04/14,2.8361
2014/04/15,3.6275
2014/04/16,3.7176
2014/04/17,3.2152
2014/04/18,2.9799
2014/04/19,3.2461
2014/04/20,3.1609
2014/04/21,3.0714
2014/04/22,2.9461
2014/04/23,2.95
2014/04/24,3.0026
2014/04/25,2.5631
2014/04/26,2.4838
2014/04/27,2.2923
2014/04/28,2.2612
2014/04/29,2.3062
2014/04/30,2.3035
2014/05/01,2.3875
2014/05/02,2.2474
2014/05/03,2.1344
2014/05/04,2.1154
2014/05/05,2.0509
2014/05/06,2.0124
2014/05/07,2.116
2014/05/08,2.0813
2014/05/09,2.1626
2014/05/10,2.1953
2014/05/11,2.027
2014/05/12,2.04
2014/05/13,2.007
2014/05/14,2.0558
2014/05/15,2.041
2014/05/16,2.035
2014/05/17,2.0273
2014/05/18,1.9987
2014/05/19,1.9819
2014/05/20,2.3338
2014/05/21,2.3686
2014/05/22,2.6877
2014/05/23,2.6875
2014/05/24,2.6547
2014/05/25,3.1235
2014/05/26,3.2165
2014/05/27,3.0874
2014/05/28,3.0936
2014/05/29,3.0079
2014/05/30,3.6104
2014/05/31,3.5824
2014/06/01,3.793
2014/06/02,3.9668
2014/06/03,4.079
2014/06/04,3.747
2014/06/05,3.9297
2014/06/06,3.8042
2014/06/07,3.8279
2014/06/08,3.7927
2014/06/09,3.713
2014/06/10,3.7638
2014/06/11,3.5407
2014/06/12,2.8653
2014/06/13,3.1453
2014/06/14,2.8866
2014/06/15,3.022
2014/06/16,3.1157
2014/06/17,3.2717
2014/06/18,3.2404
2014/06/19,3.1251
2014/06/20,3.0886
2014/06/21,3.1015
2014/06/22,3.142
2014/06/23,3.048
2014/06/24,3.0089
2014/06/25,2.7934
2014/06/26,2.9716
2014/06/27,3.1631
2014/06/28,3.1255
2014/06/29,3.1605
2014/06/30,3.584
2014/07/01,3.6494
2014/07/02,3.6914
2014/07/03,3.5975
2014/07/04,3.4452
2014/07/05,3.4419
2014/07/06,3.4672
2014/07/07,3.3338
2014/07/08,3.3319
2014/07/09,3.3228
2014/07/10,3.2604
2014/07/11,3.4196
2014/07/12,3.4408
2014/07/13,3.3654
2014/07/14,3.2601
2014/07/15,3.2615
2014/07/16,3.2046
2014/07/17,3.2896
2014/07/18,3.3269
2014/07/19,3.3115
2014/07/20,3.246
2014/07/21,3.2338
2014/07/22,3.2198
2014/07/23,3.2046
2014/07/24,3.017
2014/07/25,3.0179
2014/07/26,2.9511
2014/07/27,2.9141
2014/07/28,2.8612
2014/07/29,2.8239
2014/07/30,2.6231
2014/07/31,2.8343
2014/08/01,2.9358
2014/08/02,2.8772
2014/08/03,2.8485
2014/08/04,2.8532
2014/08/05,2.8116
2014/08/06,2.8174
2014/08/07,2.8518
2014/08/08,2.8853
2014/08/09,2.8554
2014/08/10,2.8566
2014/08/11,2.7095
2014/08/12,2.6501
2014/08/13,2.4308
2014/08/14,2.0863
2014/08/15,1.993
2014/08/16,2.2307
2014/08/17,2.0108
2014/08/18,1.7372
2014/08/19,1.925
2014/08/20,2.1703
2014/08/21,2.1813
2014/08/22,2.182
2014/08/23,2.0216
2014/08/24,2.1159
2014/08/25,2.0511
2014/08/26,2.1336
2014/08/27,2.1293
2014/08/28,2.0971
2014/08/29,2.1041
2014/08/30,2.0476
2014/08/31,1.8734
2014/09/01,1.8384
2014/09/02,1.8271
2014/09/03,1.8249
2014/09/04,1.9374
2014/09/05,1.862
2014/09/06,1.8755
2014/09/07,1.859
2014/09/08,1.7835
2014/09/09,1.7851
2014/09/10,1.8224
2014/09/11,1.8141
2014/09/12,1.7903
2014/09/13,1.803
2014/09/14,1.7905
2014/09/15,1.7741
2014/09/16,1.6937
2014/09/17,1.6329
2014/09/18,1.4155
2014/09/19,1.2192
2014/09/20,1.3151
2014/09/21,1.2394
2014/09/22,1.2496
2014/09/23,1.4804
2014/09/24,1.3928
2014/09/25,1.3077
2014/09/26,1.2744
2014/09/27,1.2431
2014/09/28,1.1092
2014/09/29,1.092
2014/09/30,1.1767
2014/10/01,1.1376
2014/10/02,1.084
2014/10/03,0.9947
2014/10/04,0.8431
2014/10/05,0.8293
2014/10/06,0.848
2014/10/07,0.8635
2014/10/08,0.9795
2014/10/09,1.007
2014/10/10,1.0018
2014/10/11,1.0125
2014/10/12,1.0961
2014/10/13,1.1718
2014/10/14,1.239
2014/10/15,1.1995
2014/10/16,1.1205
2014/10/17,1.1238
2014/10/18,1.1745
2014/10/19,1.159
2014/10/20,1.1142
2014/10/21,1.1276
2014/10/22,1.1082
2014/10/23,0.9752
2014/10/24,0.9634
2014/10/25,0.9229
2014/10/26,0.9383
2014/10/27,0.9257
2014/10/28,0.9414
2014/10/29,0.8441
2014/10/30,0.8966
2014/10/31,0.859
2014/11/01,0.7955
2014/11/02,0.7953
2014/11/03,0.7949
2014/11/04,0.814
2014/11/05,0.8616
2014/11/06,0.9138
2014/11/07,0.8787
2014/11/08,0.893
2014/11/09,0.9944
2014/11/10,0.9951
2014/11/11,1.0065
2014/11/12,1.3124
2014/11/13,1.285
2014/11/14,1.1647
2014/11/15,1.0594
2014/11/16,1.1158
2014/11/17,1.098
2014/11/18,1.0396
2014/11/19,1.0481
2014/11/20,0.9309
2014/11/21,0.8982
2014/11/22,0.9077
2014/11/23,0.9863
2014/11/24,1.0441
2014/11/25,1.0285
2014/11/26,0.9755
2014/11/27,0.988
2014/11/28,1.0321
2014/11/29,1.0193
2014/11/30,1.0256
2014/12/01,1.0401
2014/12/02,1.0485
2014/12/03,1.007
2014/12/04,0.9739
2014/12/05,1.0156
2014/12/06,0.9996
2014/12/07,1.0024
2014/12/08,0.9331
2014/12/09,0.8791
2014/12/10,0.8589
2014/12/11,0.8583
2014/12/12,0.881
2014/12/13,0.8608
2014/12/14,0.8738
2014/12/15,0.8463
2014/12/16,0.7695
2014/12/17,0.7252
2014/12/18,0.6852
2014/12/19,0.7207
2014/12/20,0.7733
2014/12/21,0.7308
2014/12/22,0.7797
2014/12/23,0.7997
2014/12/24,0.7449
2014/12/25,0.727
2014/12/26,0.7719
2014/12/27,0.7118
2014/12/28,0.7211
2014/12/29,0.7039
2014/12/30,0.6928
2014/12/31,0.726
2015/01/01,0.7109
2015/01/02,0.7133
2015/01/03,0.5931
2015/01/04,0.4925
2015/01/05,0.5406
2015/01/06,0.5903
2015/01/07,0.6351
2015/01/08,0.5876
2015/01/09,0.6095
2015/01/10,0.5484
2015/01/11,0.52
2015/01/12,0.5252
2015/01/13,0.3584
2015/01/14,0.2174
2015/01/15,0.3261
2015/01/16,0.3125
2015/01/17,0.2945
2015/01/18,0.3242
2015/01/19,0.3426
2015/01/20,0.3308
2015/01/21,0.3757
2015/01/22,0.4039
2015/01/23,0.4078
2015/01/24,0.4636
2015/01/25,0.4863
2015/01/26,0.5562
2015/01/27,0.5088
2015/01/28,0.5087
2015/01/29,0.4103
2015/01/30,0.3976
2015/01/31,0.3625
2015/02/01,0.3913
2015/02/02,0.4413
2015/02/03,0.3923
2015/02/04,0.3908
2015/02/05,0.3632
2015/02/06,0.3831
2015/02/07,0.4004
2015/02/08,0.3864
2015/02/09,0.3776
2015/02/10,0.3804
2015/02/11,0.376
2015/02/12,0.3871
2015/02/13,0.4369
2015/02/14,0.5285
2015/02/15,0.4284
2015/02/16,0.4401
2015/02/17,0.4657
2015/02/18,0.437
2015/02/19,0.4592
2015/02/20,0.4746
2015/02/21,0.4757
2015/02/22,0.4437
2015/02/23,0.4543
2015/02/24,0.4575
2015/02/25,0.4532
2015/02/26,0.4495
2015/02/27,0.5203
2015/02/28,0.5198
2015/03/01,0.5375
2015/03/02,0.5901
2015/03/03,0.6378
2015/03/04,0.6041
2015/03/05,0.6123
2015/03/06,0.6013
2015/03/07,0.6159
2015/03/08,0.6117
2015/03/09,0.6793
2015/03/10,0.6842
2015/03/11,0.7111
2015/03/12,0.7015
2015/03/13,0.6738
2015/03/14,0.6438
2015/03/15,0.6614
2015/03/16,0.6842
2015/03/17,0.6575
2015/03/18,0.5318
2015/03/19,0.5505
2015/03/20,0.5546
2015/03/21,0.5488
2015/03/22,0.5847
2015/03/23,0.5773
2015/03/24,0.4907
2015/03/25,0.4955
2015/03/26,0.5011
2015/03/27,0.4998
2015/03/28,0.5201
2015/03/29,0.4795
2015/03/30,0.4984
2015/03/31,0.4856
2015/04/01,0.5001
2015/04/02,0.5232
2015/04/03,0.5289
2015/04/04,0.5279
2015/04/05,0.555
2015/04/06,0.5368
2015/04/07,0.5273
2015/04/08,0.4908
2015/04/09,0.4864
2015/04/10,0.4524
2015/04/11,0.4601
2015/04/12,0.4575
2015/04/13,0.4131
2015/04/14,0.3916
2015/04/15,0.41
2015/04/16,0.4285
2015/04/17,0.4078
2015/04/18,0.4099
2015/04/19,0.4089
2015/04/20,0.4149
2015/04/21,0.454
2015/04/22,0.4501
2015/04/23,0.4551
2015/04/24,0.4387
2015/04/25,0.4196
2015/04/26,0.3923
2015/04/27,0.4292
2015/04/28,0.4181
2015/04/29,0.4194
2015/04/30,0.4581
2015/05/01,0.4447
2015/05/02,0.454
2015/05/03,0.4724
2015/05/04,0.4687
2015/05/05,0.4571
2015/05/06,0.4335
2015/05/07,0.4604
2015/05/08,0.4871
2015/05/09,0.4786
2015/05/10,0.4707
2015/05/11,0.4795
2015/05/12,0.4779
2015/05/13,0.454
2015/05/14,0.4585
2015/05/15,0.4593
2015/05/16,0.4552
2015/05/17,0.4552
2015/05/18,0.4412
2015/05/19,0.4389
2015/05/20,0.4465
2015/05/21,0.4513
2015/05/22,0.4723
2015/05/23,0.4644
2015/05/24,0.4726
2015/05/25,0.4576
2015/05/26,0.4575
2015/05/27,0.4562
2015/05/28,0.457
2015/05/29,0.4553
2015/05/30,0.4414
2015/05/31,0.4274
2015/06/01,0.4043
2015/06/02,0.4133
2015/06/03,0.4124
2015/06/04,0.4077
2015/06/05,0.4099
2015/06/06,0.4119
2015/06/07,0.4058
2015/06/08,0.4244
2015/06/09,0.4273
2015/06/10,0.4252
2015/06/11,0.4286
2015/06/12,0.4308
2015/06/13,0.4387
2015/06/14,0.4425
2015/06/15,0.4559
2015/06/16,0.5081
2015/06/17,0.4967
2015/06/18,0.4999
2015/06/19,0.4777
2015/06/20,0.4874
2015/06/21,0.4814
2015/06/22,0.4942
2015/06/23,0.4804
2015/06/24,0.4674
2015/06/25,0.4748
2015/06/26,0.4746
2015/06/27,0.5066
2015/06/28,0.497
2015/06/29,0.5289
2015/06/30,0.5538
2015/07/01,0.5328
2015/07/02,0.5206
2015/07/03,0.5222
2015/07/04,0.5432
2015/07/05,0.5875
2015/07/06,0.5759
2015/07/07,0.5614
2015/07/08,0.5786
2015/07/09,0.5746
2015/07/10,0.6445
2015/07/11,0.6747
2015/07/12,0.7602
2015/07/13,0.6662
2015/07/14,0.6468
2015/07/15,0.6334
2015/07/16,0.6003
2015/07/17,0.6066
2015/07/18,0.5887
2015/07/19,0.5805
2015/07/20,0.5985
2015/07/21,0.5875
2015/07/22,0.5915
2015/07/23,0.5875
2015/07/24,0.6417
2015/07/25,0.6398
2015/07/26,0.6531
2015/07/27,0.6555
2015/07/28,0.66
2015/07/29,0.6348
2015/07/30,0.6248
2015/07/31,0.6095
2015/08/01,0.5946
2015/08/02,0.596
2015/08/03,0.5941
2015/08/04,0.6019
2015/08/05,0.5875
2015/08/06,0.5712
2015/08/07,0.5711
2015/08/08,0.4952
2015/08/09,0.511
2015/08/10,0.5066
2015/08/11,0.5293
2015/08/12,0.5195
2015/08/13,0.5025
2015/08/14,0.507
2015/08/15,0.4881
2015/08/16,0.477
2015/08/17,0.4728
2015/08/18,0.4569
2015/08/19,0.3633
2015/08/20,0.3907
2015/08/21,0.3822
2015/08/22,0.3709
2015/08/23,0.3639
2015/08/24,0.3103
2015/08/25,0.3436
2015/08/26,0.3551
2015/08/27,0.347
2015/08/28,0.3736
2015/08/29,0.3625
2015/08/30,0.3603
2015/08/31,0.3657
2015/09/01,0.3557
2015/09/02,0.3597
2015/09/03,0.3524
2015/09/04,0.3625
2015/09/05,0.3766
2015/09/06,0.3898
2015/09/07,0.3934
2015/09/08,0.4025
2015/09/09,0.3833
2015/09/10,0.385
2015/09/11,0.388
2015/09/12,0.3709
2015/09/13,0.3563
2015/09/14,0.3546
2015/09/15,0.353
2015/09/16,0.3479
2015/09/17,0.3604
2015/09/18,0.3586
2015/09/19,0.3548
2015/09/20,0.3523
2015/09/21,0.3391
2015/09/22,0.3489
2015/09/23,0.3484
2015/09/24,0.3602
2015/09/25,0.363
2015/09/26,0.3611
2015/09/27,0.3555
2015/09/28,0.375
2015/09/29,0.368
2015/09/30,0.3638
2015/10/01,0.3685
2015/10/02,0.3665
2015/10/03,0.3713
2015/10/04,0.3696
2015/10/05,0.374
2015/10/06,0.3925
2015/10/07,0.3815
2015/10/08,0.3798
2015/10/09,0.3831
2015/10/10,0.3857
2015/10/11,0.3918
2015/10/12,0.3847
2015/10/13,0.3958
2015/10/14,0.4054
2015/10/15,0.4106
2015/10/16,0.4347
2015/10/17,0.4603
2015/10/18,0.4319
2015/10/19,0.4373
2015/10/20,0.4563
2015/10/21,0.4443
2015/10/22,0.4651
2015/10/23,0.4769
2015/10/24,0.4948
2015/10/25,0.4995
2015/10/26,0.5006
2015/10/27,0.5319
2015/10/28,0.5622
2015/10/29,0.5986
2015/10/30,0.6421
2015/10/31,0.5875
2015/11/01,0.6336
2015/11/02,0.7348
2015/11/03,0.9421
2015/11/04,0.9662
2015/11/05,0.8826
2015/11/06,0.8132
2015/11/07,0.8722
2015/11/08,0.7998
2015/11/09,0.8357
2015/11/10,0.6518
2015/11/11,0.5356
2015/11/12,0.6505
2015/11/13,0.6455
2015/11/14,0.6206
2015/11/15,0.5777
2015/11/16,0.615
2015/11/17,0.6265
2015/11/18,0.6251
2015/11/19,0.5866
2015/11/20,0.5696
2015/11/21,0.5806
2015/11/22,0.572
2015/11/23,0.5678
2015/11/24,0.5558
2015/11/25,0.5823
2015/11/26,0.6833
2015/11/27,0.691
2015/11/28,0.6774
2015/11/29,0.7333
2015/11/30,0.7568
2015/12/01,0.6956
2015/12/02,0.675
2015/12/03,0.68
2015/12/04,0.6837
2015/12/05,0.789
2015/12/06,0.7987
2015/12/07,0.7962
2015/12/08,0.8686
2015/12/09,0.8829
2015/12/10,0.8765
2015/12/11,1.0265
2015/12/12,0.9435
2015/12/13,0.9424
2015/12/14,0.9697
2015/12/15,1.061
2015/12/16,1.0054
2015/12/17,1.0109
2015/12/18,1.0375
2015/12/19,1.0236
2015/12/20,0.9277
2015/12/21,0.9087
2015/12/22,0.8971
2015/12/23,0.9192
2015/12/24,0.9644
2015/12/25,0.9624
2015/12/26,0.8018
2015/12/27,0.8239
2015/12/28,0.8071
2015/12/29,0.847
2015/12/30,0.8218
2015/12/31,0.8341
2016/01/01,0.8424
2016/01/02,0.8378
2016/01/03,0.8178
2016/01/04,0.8263
2016/01/05,0.8167
2016/01/06,0.8096
2016/01/07,0.9016
2016/01/08,0.89
2016/01/09,0.8622
2016/01/10,0.8518
2016/01/11,0.8516
2016/01/12,0.8374
2016/01/13,0.7829
2016/01/14,0.7687
2016/01/15,0.5563
2016/01/16,0.6127
2016/01/17,0.615
2016/01/18,0.6084
2016/01/19,0.5868
2016/01/20,0.7133
2016/01/21,0.6733
2016/01/22,0.5737
2016/01/23,0.6096
2016/01/24,0.6495
2016/01/25,0.6129
2016/01/26,0.6109
2016/01/27,0.6149
2016/01/28,0.5674
2016/01/29,0.5634
2016/01/30,0.5555
2016/01/31,0.5173
2016/02/01,0.5344
2016/02/02,0.5377
2016/02/03,0.5222
2016/02/04,0.5789
2016/02/05,0.5688
2016/02/06,0.5353
2016/02/07,0.535
2016/02/08,0.5206
2016/02/09,0.5266
2016/02/10,0.5414
2016/02/11,0.5316
2016/02/12,0.5458
2016/02/13,0.5659
2016/02/14,0.604
2016/02/15,0.5875
2016/02/16,0.6077
2016/02/17,0.6348
2016/02/18,0.646
2016/02/19,0.637
2016/02/20,0.7017
2016/02/21,0.6908
2016/02/22,0.685
2016/02/23,0.6286
2016/02/24,0.6343
2016/02/25,0.6313
2016/02/26,0.6399
2016/02/27,0.6523
2016/02/28,0.6513
2016/02/29,0.6606
2016/03/01,0.6409
2016/03/02,0.6177
2016/03/03,0.6024
2016/03/04,0.5694
2016/03/05,0.5336
2016/03/06,0.5516
2016/03/07,0.573
2016/03/08,0.565
2016/03/09,0.5633
2016/03/10,0.5712
2016/03/11,0.5762
2016/03/12,0.5501
2016/03/13,0.5517
2016/03/14,0.5544
2016/03/15,0.5544
2016/03/16,0.5539
2016/03/17,0.5559
2016/03/18,0.5266
2016/03/19,0.52
2016/03/20,0.5305
2016/03/21,0.5257
2016/03/22,0.5365
2016/03/23,0.5382
2016/03/24,0.5273
2016/03/25,0.5269
2016/03/26,0.5268
2016/03/27,0.546
2016/03/28,0.5367
2016/03/29,0.516
2016/03/30,0.5061
2016/03/31,0.5103
2016/04/01,0.5111
2016/04/02,0.5156
2016/04/03,0.5092
2016/04/04,0.5097
2016/04/05,0.5148
2016/04/06,0.5097
2016/04/07,0.5057
2016/04/08,0.4968
2016/04/09,0.4888
2016/04/10,0.498
2016/04/11,0.4988
2016/04/12,0.5047
2016/04/13,0.4976
2016/04/14,0.4966
2016/04/15,0.5058
2016/04/16,0.5055
2016/04/17,0.4961
2016/04/18,0.4947
2016/04/19,0.5103
2016/04/20,0.5206
2016/04/21,0.5395
2016/04/22,0.5282
2016/04/23,0.5356
2016/04/24,0.5521
2016/04/25,0.5504
2016/04/26,0.5651
2016/04/27,0.5081
2016/04/28,0.516
2016/04/29,0.5298
2016/04/30,0.5073
2016/05/01,0.5154
2016/05/02,0.4946
2016/05/03,0.5052
2016/05/04,0.4957
2016/05/05,0.4973
2016/05/06,0.5232
2016/05/07,0.5154
2016/05/08,0.5129
2016/05/09,0.516
2016/05/10,0.4885
2016/05/11,0.4903
2016/05/12,0.4936
2016/05/13,0.4942
2016/05/14,0.4909
2016/05/15,0.4939
2016/05/16,0.4856
2016/05/17,0.4785
2016/05/18,0.4786
2016/05/19,0.4502
2016/05/20,0.4515
2016/05/21,0.4528
2016/05/22,0.4426
2016/05/23,0.4504
2016/05/24,0.4543
2016/05/25,0.4597
2016/05/26,0.4679
2016/05/27,0.5086
2016/05/28,0.63
2016/05/29,0.6177
2016/05/30,0.6377
2016/05/31,0.6281
2016/06/01,0.6437
2016/06/02,0.6398
2016/06/03,0.7136
2016/06/04,0.7179
2016/06/05,0.7168
2016/06/06,0.7409
2016/06/07,0.718
2016/06/08,0.7274
2016/06/09,0.71
2016/06/10,0.7104
2016/06/11,0.7526
2016/06/12,0.9449
2016/06/13,1.033
2016/06/14,0.9746
2016/06/15,0.99
2016/06/16,1.2002
2016/06/17,1.144
2016/06/18,1.1599
2016/06/19,1.1752
2016/06/20,1.0789
2016/06/21,0.8807
2016/06/22,0.6947
2016/06/23,0.7668
2016/06/24,0.8596
2016/06/25,0.8678
2016/06/26,0.7714
2016/06/27,0.8151
2016/06/28,0.8083
2016/06/29,0.7818
2016/06/30,0.8642
2016/07/01,0.8762
2016/07/02,0.9125
2016/07/03,0.8361
2016/07/04,0.868
2016/07/05,0.8364
2016/07/06,0.8541
2016/07/07,0.7594
2016/07/08,0.8218
2016/07/09,0.7894
2016/07/10,0.7777
2016/07/11,0.7717
2016/07/12,0.8213
2016/07/13,0.7868
2016/07/14,0.7868
2016/07/15,0.7979
2016/07/16,0.7893
2016/07/17,0.8214
2016/07/18,0.8092
2016/07/19,0.8051
2016/07/20,0.793
2016/07/21,0.7767
2016/07/22,0.7406
2016/07/23,0.7474
2016/07/24,0.7566
2016/07/25,0.7392
2016/07/26,0.7291
2016/07/27,0.7359
2016/07/28,0.7335
2016/07/29,0.7338
2016/07/30,0.7247
2016/07/31,0.6555
2016/08/01,0.6158
2016/08/02,0.4471
2016/08/03,0.536
2016/08/04,0.5513
2016/08/05,0.548
2016/08/06,0.5678
2016/08/07,0.5754
2016/08/08,0.5693
2016/08/09,0.5565
2016/08/10,0.5675
2016/08/11,0.5564
2016/08/12,0.552
2016/08/13,0.5459
2016/08/14,0.5185
2016/08/15,0.511
2016/08/16,0.5278
2016/08/17,0.5134
2016/08/18,0.5126
2016/08/19,0.5126
2016/08/20,0.5256
2016/08/21,0.5208
2016/08/22,0.527
2016/08/23,0.519
2016/08/24,0.5095
2016/08/25,0.5043
2016/08/26,0.5056
2016/08/27,0.487
2016/08/28,0.4935
2016/08/29,0.4897
2016/08/30,0.4938
2016/08/31,0.4845
2016/09/01,0.4823
2016/09/02,0.4844
2016/09/03,0.5206
2016/09/04,0.5405
2016/09/05,0.5348
2016/09/06,0.5398
2016/09/07,0.5442
2016/09/08,0.562
2016/09/09,0.5535
2016/09/10,0.5533
2016/09/11,0.5202
2016/09/12,0.519
2016/09/13,0.5185
2016/09/14,0.5195
2016/09/15,0.5128
2016/09/16,0.5125
2016/09/17,0.5085
2016/09/18,0.5123
2016/09/19,0.51
2016/09/20,0.5066
2016/09/21,0.4849
2016/09/22,0.4815
2016/09/23,0.4909
2016/09/24,0.4879
2016/09/25,0.4828
2016/09/26,0.4919
2016/09/27,0.4869
2016/09/28,0.4839
2016/09/29,0.4838
2016/09/30,0.4876
2016/10/01,0.495
2016/10/02,0.4871
2016/10/03,0.4877
2016/10/04,0.4814
2016/10/05,0.4832
2016/10/06,0.4802
2016/10/07,0.4865
2016/10/08,0.4851
2016/10/09,0.4802
2016/10/10,0.4777
2016/10/11,0.5175
2016/10/12,0.5072
2016/10/13,0.5035
2016/10/14,0.5071
2016/10/15,0.5035
2016/10/16,0.506
2016/10/17,0.4997
2016/10/18,0.4944
2016/10/19,0.4816
2016/10/20,0.4798
2016/10/21,0.4796
2016/10/22,0.5121
2016/10/23,0.5061
2016/10/24,0.5027
2016/10/25,0.5065
2016/10/26,0.5369
2016/10/27,0.5504
2016/10/28,0.5547
2016/10/29,0.5978
2016/10/30,0.5653
2016/10/31,0.5648
2016/11/01,0.6126
2016/11/02,0.618
2016/11/03,0.5373
2016/11/04,0.5602
2016/11/05,0.5608
2016/11/06,0.5712
2016/11/07,0.5592
2016/11/08,0.5613
2016/11/09,0.5783
2016/11/10,0.5632
2016/11/11,0.5646
2016/11/12,0.5438
2016/11/13,0.5393
2016/11/14,0.5419
2016/11/15,0.5498
2016/11/16,0.5923
2016/11/17,0.5858
2016/11/18,0.5989
2016/11/19,0.5994
2016/11/20,0.5622
2016/11/21,0.5722
2016/11/22,0.5878
2016/11/23,0.5744
2016/11/24,0.565
2016/11/25,0.5648
2016/11/26,0.554
2016/11/27,0.5441
2016/11/28,0.5478
2016/11/29,0.5454
2016/11/30,0.5587
2016/12/01,0.5723
2016/12/02,0.5974
2016/12/03,0.5849
2016/12/04,0.5845
2016/12/05,0.5605
2016/12/06,0.5675
2016/12/07,0.5726
2016/12/08,0.577
2016/12/09,0.576
2016/12/10,0.5782
2016/12/11,0.5682
2016/12/12,0.5806
2016/12/13,0.5777
2016/12/14,0.572
2016/12/15,0.5693
2016/12/16,0.5755
2016/12/17,0.5843
2016/12/18,0.5814
2016/12/19,0.5816
2016/12/20,0.5936
2016/12/21,0.6318
2016/12/22,0.6801
2016/12/23,0.7713
2016/12/24,0.7261
2016/12/25,0.7274
2016/12/26,0.7378
2016/12/27,0.7783
2016/12/28,0.857
2016/12/29,0.8443
2016/12/30,0.8227
2016/12/31,0.8293
2017/01/01,0.8808
2017/01/02,0.9154
2017/01/03,0.9416
2017/01/04,1.1184
2017/01/05,0.8555
2017/01/06,0.6947
2017/01/07,0.7016
2017/01/08,0.7112
2017/01/09,0.6988
2017/01/10,0.7023
2017/01/11,0.5251
2017/01/12,0.5439
2017/01/13,0.5767
2017/01/14,0.5656
2017/01/15,0.5694
2017/01/16,0.5765
2017/01/17,0.6846
2017/01/18,0.6376
2017/01/19,0.6692
2017/01/20,0.6589
2017/01/21,0.6987
2017/01/22,0.6949
2017/01/23,0.6925
2017/01/24,0.6413
2017/01/25,0.6501
2017/01/26,0.6799
2017/01/27,0.6817
2017/01/28,0.6821
2017/01/29,0.6707
2017/01/30,0.6783
2017/01/31,0.7468
2017/02/01,0.7723
2017/02/02,0.8037
2017/02/03,0.8116
2017/02/04,0.8375
2017/02/05,0.8074
2017/02/06,0.8161
2017/02/07,0.8559
2017/02/08,0.8584
2017/02/09,0.7399
2017/02/10,0.7526
2017/02/11,0.7782
2017/02/12,0.7591
2017/02/13,0.7494
2017/02/14,0.7674
2017/02/15,0.7624
2017/02/16,0.7986
2017/02/17,0.8285
2017/02/18,0.8271
2017/02/19,0.815
2017/02/20,0.8553
2017/02/21,0.9204
2017/02/22,0.9122
2017/02/23,1.0108
2017/02/24,0.9972
2017/02/25,0.9397
2017/02/26,0.9862
2017/02/27,1.0016
2017/02/28,0.9914
2017/03/01,1.0483
2017/03/02,1.1017
2017/03/03,1.1432
2017/03/04,1.1003
2017/03/05,1.1065
2017/03/06,1.1082
2017/03/07,1.0209
2017/03/08,0.8826
2017/03/09,0.9424
2017/03/10,0.7995
2017/03/11,0.9169
2017/03/12,0.9894
2017/03/13,1.0041
2017/03/14,1.0036
2017/03/15,1.0168
2017/03/16,0.946
2017/03/17,0.7327
2017/03/18,0.5851
2017/03/19,0.6591
2017/03/20,0.6724
2017/03/21,0.7711
2017/03/22,0.6703
2017/03/23,0.6536
2017/03/24,0.543
2017/03/25,0.5702
2017/03/26,0.5552
2017/03/27,0.6594
2017/03/28,0.6591
2017/03/29,0.6485
2017/03/30,0.6367
2017/03/31,0.6924
2017/04/01,0.698
2017/04/02,0.7111
2017/04/03,0.7617
2017/04/04,0.7594
2017/04/05,0.7448
2017/04/06,0.824
2017/04/07,0.8136
2017/04/08,0.7991
2017/04/09,0.8021
2017/04/10,0.8287
2017/04/11,0.8462
2017/04/12,0.8302
2017/04/13,0.7672
2017/04/14,0.7755
2017/04/15,0.767
2017/04/16,0.7707
2017/04/17,0.7911
2017/04/18,0.8032
2017/04/19,0.8096
2017/04/20,0.8426
2017/04/21,0.8394
2017/04/22,0.8277
2017/04/23,0.8208
2017/04/24,0.819
2017/04/25,0.8317
2017/04/26,0.8591
2017/04/27,0.9136
2017/04/28,0.8946
2017/04/29,0.8984
2017/04/30,0.9234
2017/05/01,0.9993
2017/05/02,1.0416
2017/05/03,1.0987
2017/05/04,1.1119
2017/05/05,1.1149
2017/05/06,1.1701
2017/05/07,1.1778
2017/05/08,1.2861
2017/05/09,1.3838
2017/05/10,1.4517
2017/05/11,1.5447
2017/05/12,1.3566
2017/05/13,1.4292
2017/05/14,1.4457
2017/05/15,1.3224
2017/05/16,1.3453
2017/05/17,1.4773
2017/05/18,1.6086
2017/05/19,1.7415
2017/05/20,1.855
2017/05/21,1.8609
2017/05/22,1.9481
2017/05/23,2.2835
2017/05/24,2.5825
2017/05/25,2.3951
2017/05/26,2.1712
2017/05/27,1.827
2017/05/28,2.059
2017/05/29,2.1679
2017/05/30,1.9343
2017/05/31,2.2157
2017/06/01,2.4042
2017/06/02,2.54
2017/06/03,2.6167
2017/06/04,2.5832
2017/06/05,2.9032
2017/06/06,3.2757
2017/06/07,2.8427
2017/06/08,3.0471
2017/06/09,3.0057
2017/06/10,3.2397
2017/06/11,3.3798
2017/06/12,2.6926
2017/06/13,2.7395
2017/06/14,2.2748
2017/06/15,2.1518
2017/06/16,2.2573
2017/06/17,2.551
2017/06/18,2.3338
2017/06/19,2.3927
2017/06/20,2.667
2017/06/21,2.5307
2017/06/22,2.5246
2017/06/23,2.5272
2017/06/24,2.2931
2017/06/25,2.2548
2017/06/26,2.0383
2017/06/27,2.0931
2017/06/28,2.1496
2017/06/29,2.11
2017/06/30,1.9794
2017/07/01,1.8849
2017/07/02,1.993
2017/07/03,2.0697
2017/07/04,2.1084
2017/07/05,2.0859
2017/07/06,2.0782
2017/07/07,1.9022
2017/07/08,1.9697
2017/07/09,1.8886
2017/07/10,1.6509
2017/07/11,1.6267
2017/07/12,1.6619
2017/07/13,1.6191
2017/07/14,1.4295
2017/07/15,1.1829
2017/07/16,1.057
2017/07/17,1.3463
2017/07/18,1.4925
2017/07/19,1.4459
2017/07/20,2.1245
2017/07/21,1.9477
2017/07/22,2.1501
2017/07/23,2.0302
2017/07/24,2.0453
2017/07/25,1.7633
2017/07/26,1.6748
2017/07/27,1.8565
2017/07/28,2.0562
2017/07/29,1.9279
2017/07/30,1.9409
2017/07/31,2.1134
2017/08/01,1.9063
2017/08/02,1.8367
2017/08/03,1.9311
2017/08/04,2.0114
2017/08/05,2.5809
2017/08/06,2.4852
2017/08/07,2.729
2017/08/08,2.7931
2017/08/09,2.6423
2017/08/10,2.6788
2017/08/11,2.9717
2017/08/12,3.3505
2017/08/13,3.7204
2017/08/14,3.97
2017/08/15,3.8833
2017/08/16,4.0593
2017/08/17,4.0667
2017/08/18,3.6811
2017/08/19,3.6791
2017/08/20,3.4475
2017/08/21,3.3059
2017/08/22,3.4002
2017/08/23,3.4736
2017/08/24,3.611
2017/08/25,3.6352
2017/08/26,3.4739
2017/08/27,3.4322
2017/08/28,3.5678
2017/08/29,3.8393
2017/08/30,4.0851
2017/08/31,4.3154
2017/09/01,4.5696
2017/09/02,3.9742
2017/09/03,4.0689
2017/09/04,3.5023
2017/09/05,3.6841
2017/09/06,3.8913
2017/09/07,3.8432
2017/09/08,3.3282
2017/09/09,3.2393
2017/09/10,3.0437
2017/09/11,3.0665
2017/09/12,2.9923
2017/09/13,2.6239
2017/09/14,1.6614
2017/09/15,2.2083
2017/09/16,2.2146
2017/09/17,2.1348
2017/09/18,2.7011
2017/09/19,2.5319
2017/09/20,2.4608
2017/09/21,2.1608
2017/09/22,2.1388
2017/09/23,2.2918
2017/09/24,2.1655
2017/09/25,2.3824
2017/09/26,2.3464
2017/09/27,2.6797
2017/09/28,2.6595
2017/09/29,2.633
2017/09/30,2.828
2017/10/01,2.8708
2017/10/02,2.8942
2017/10/03,2.7854
2017/10/04,2.649
2017/10/05,2.6989
2017/10/06,2.7465
2017/10/07,2.7951
2017/10/08,2.9708
2017/10/09,3.2016
2017/10/10,3.1842
2017/10/11,3.2041
2017/10/12,3.8992
2017/10/13,4.2738
2017/10/14,4.3344
2017/10/15,4.2971
2017/10/16,4.3201
2017/10/17,4.1507
2017/10/18,4.0353
2017/10/19,4.1443
2017/10/20,4.4803
2017/10/21,4.572
2017/10/22,4.4653
2017/10/23,4.3577
2017/10/24,3.7431
2017/10/25,3.9167
2017/10/26,4.1245
2017/10/27,3.937
2017/10/28,3.8442
2017/10/29,4.3407
2017/10/30,4.2704
2017/10/31,4.6009
2017/11/01,5.0612
2017/11/02,5.5349
2017/11/03,5.7503
2017/11/04,5.936
2017/11/05,5.9132
2017/11/06,5.3677
2017/11/07,5.4072
2017/11/08,5.799
2017/11/09,5.3222
2017/11/10,4.5206
2017/11/11,4.0928
2017/11/12,3.4439
2017/11/13,4.0886
2017/11/14,4.3423
2017/11/15,5.1722
2017/11/16,5.869
2017/11/17,5.762
2017/11/18,5.768
2017/11/19,5.9801
2017/11/20,6.2322
2017/11/21,6.0102
2017/11/22,6.1609
2017/11/23,5.895
2017/11/24,6.0699
2017/11/25,6.7037
2017/11/26,7.5776
2017/11/27,8.3049
2017/11/28,8.9426
2017/11/29,8.2042
2017/11/30,9.0123
2017/12/01,9.9509
2017/12/02,10.1414
2017/12/03,10.2009
2017/12/04,10.7801
2017/12/05,11.6747
2017/12/06,14.9962
2017/12/07,26.2907
2017/12/08,21.715
2017/12/09,17.5047
2017/12/10,18.5624
2017/12/11,21.4834
2017/12/12,21.5857
2017/12/13,19.5706
2017/12/14,20.1432
2017/12/15,22.615
2017/12/16,26.7131
2017/12/17,25.7392
2017/12/18,24.8165
2017/12/19,22.0049
2017/12/20,19.1721
2017/12/21,17.4272
2017/12/22,12.796
2017/12/23,14.8345
2017/12/24,13.2006
2017/12/25,12.8036
2017/12/26,17.0984
2017/12/27,16.4294
2017/12/28,13.7784
2017/12/29,13.688
2017/12/30,11.0333
2017/12/31,12.9579
2018/01/01,11.5653
2018/01/02,13.5221
2018/01/03,13.8413
2018/01/04,14.3896
2018/01/05,18.7391
2018/01/06,18.5438
2018/01/07,15.8271
2018/01/08,13.6358
2018/01/09,12.9966
2018/01/10,12.7019
2018/01/11,10.3192
2018/01/12,11.2655
2018/01/13,11.8104
2018/01/14,10.6115
2018/01/15,10.4081
2018/01/16,6.8224
2018/01/17,6.407
2018/01/18,6.5195
2018/01/19,6.6716
2018/01/20,8.4011
2018/01/21,6.4839
2018/01/22,5.6681
2018/01/23,5.5174
2018/01/24,5.8583
2018/01/25,5.7512
2018/01/26,5.5154
2018/01/27,5.8767
2018/01/28,6.0347
2018/01/29,5.4683
2018/01/30,5.3546
2018/01/31,4.2987
2018/02/01,4.3627
2018/02/02,3.4775
2018/02/03,3.2678
2018/02/04,3.3618
2018/02/05,2.8523
2018/02/06,1.9242
2018/02/07,2.4204
2018/02/08,2.3421
2018/02/09,2.7043
2018/02/10,2.98
2018/02/11,2.9048
2018/02/12,2.6168
2018/02/13,3.0909
2018/02/14,2.8032
2018/02/15,3.4068
2018/02/16,3.8881
2018/02/17,3.8885
2018/02/18,4.5279
2018/02/19,4.1044
2018/02/20,4.5301
2018/02/21,4.8226
2018/02/22,3.5989
2018/02/23,3.6156
2018/02/24,3.7845
2018/02/25,3.3607
2018/02/26,3.3077
2018/02/27,3.7437
2018/02/28,3.9762
2018/03/01,3.6875
2018/03/02,4.0357
2018/03/03,4.187
2018/03/04,4.3548
2018/03/05,4.2736
2018/03/06,4.4263
2018/03/07,3.8092
2018/03/08,3.2888
2018/03/09,2.9013
2018/03/10,2.7964
2018/03/11,2.5543
2018/03/12,2.9069
2018/03/13,2.7229
2018/03/14,2.6978
2018/03/15,2.1802
2018/03/16,2.1963
2018/03/17,2.27
2018/03/18,2.0239
2018/03/19,2.0927
2018/03/20,2.3029
2018/03/21,2.4455
2018/03/22,2.457
2018/03/23,2.3183
2018/03/24,2.3532
2018/03/25,2.235
2018/03/26,2.1513
2018/03/27,1.9955
2018/03/28,1.8201
2018/03/29,1.8547
2018/03/30,1.4912
2018/03/31,1.3906
2018/04/01,1.4157
2018/04/02,1.3522
2018/04/03,1.443
2018/04/04,1.5951
2018/04/05,1.3348
2018/04/06,1.3329
2018/04/07,1.2408
2018/04/08,1.3322
2018/04/09,1.3644
2018/04/10,1.2788
2018/04/11,1.2919
2018/04/12,1.3219
2018/04/13,1.6839
2018/04/14,1.679
2018/04/15,1.6929
2018/04/16,1.8414
2018/04/17,1.7327
2018/04/18,1.6576
2018/04/19,1.7447
2018/04/20,1.8142
2018/04/21,1.9031
2018/04/22,2.0654
2018/04/23,2.0041
2018/04/24,2.045
2018/04/25,2.4338
2018/04/26,1.9977
2018/04/27,2.1704
2018/04/28,2.03
2018/04/29,2.1621
2018/04/30,2.1879
2018/05/01,2.1196
2018/05/02,2.0321
2018/05/03,2.0681
2018/05/04,2.2573
2018/05/05,2.2868
2018/05/06,2.3392
2018/05/07,2.243
2018/05/08,2.1075
2018/05/09,2.0285
2018/05/10,2.0648
2018/05/11,1.9349
2018/05/12,1.6926
2018/05/13,1.7166
2018/05/14,1.7934
2018/05/15,1.792
2018/05/16,1.6948
2018/05/17,1.6378
2018/05/18,1.5223
2018/05/19,1.5736
2018/05/20,1.5609
2018/05/21,1.6584
2018/05/22,1.62
2018/05/23,1.4856
2018/05/24,1.3199
2018/05/25,1.3197
2018/05/26,1.2856
2018/05/27,1.2348
2018/05/28,1.2318
2018/05/29,1.158
2018/05/30,1.2683
2018/05/31,1.2409
2018/06/01,1.2646
2018/06/02,1.2709
2018/06/03,1.2959
2018/06/04,1.3187
2018/06/05,1.2567
2018/06/06,1.2904
2018/06/07,1.3011
2018/06/08,1.3022
2018/06/09,1.2825
2018/06/10,1.232
2018/06/11,1.0254
2018/06/12,1.059
2018/06/13,0.9689
2018/06/14,0.8976
2018/06/15,0.988
2018/06/16,0.9191
2018/06/17,0.9403
2018/06/18,0.9236
2018/06/19,1.0004
2018/06/20,1.0106
2018/06/21,1.0132
2018/06/22,1.0072
2018/06/23,0.8355
2018/06/24,0.8599
2018/06/25,0.8605
2018/06/26,0.8865
2018/06/27,0.8408
2018/06/28,0.8565
2018/06/29,0.7943
2018/06/30,0.8811
2018/07/01,0.9373
2018/07/02,0.9245
2018/07/03,1.0126
2018/07/04,0.9865
2018/07/05,1.0101
2018/07/06,1.0062
2018/07/07,1.0299
2018/07/08,1.0825
2018/07/09,1.0666
2018/07/10,1.0522
2018/07/11,0.9484
2018/07/12,0.9719
2018/07/13,0.9312
2018/07/14,0.9396
2018/07/15,0.9418
2018/07/16,0.9759
2018/07/17,1.1027
2018/07/18,1.296
2018/07/19,1.3095
2018/07/20,1.3504
2018/07/21,1.3131
2018/07/22,1.3329
2018/07/23,1.3418
2018/07/24,1.4602
2018/07/25,1.7487
2018/07/26,1.6385
2018/07/27,1.5558
2018/07/28,1.6444
2018/07/29,1.6659
2018/07/30,1.6698
2018/07/31,1.6672
2018/08/01,1.4923
2018/08/02,1.4464
2018/08/03,1.4215
2018/08/04,1.3742
2018/08/05,1.2299
2018/08/06,1.2406
2018/08/07,1.2031
2018/08/08,1.1317
2018/08/09,0.9858
2018/08/10,1.0743
2018/08/11,0.9588
2018/08/12,0.9721
2018/08/13,1.0091
2018/08/14,0.9993
2018/08/15,0.978
2018/08/16,0.997
2018/08/17,1.0115
2018/08/18,1.0967
2018/08/19,1.0365
2018/08/20,1.0677
2018/08/21,0.9926
2018/08/22,1.0651
2018/08/23,1.0226
2018/08/24,1.0825
2018/08/25,1.1356
2018/08/26,1.1521
2018/08/27,1.1483
2018/08/28,1.2106
2018/08/29,1.2682
2018/08/30,1.2569
2018/08/31,1.2477
2018/09/01,1.2484
2018/09/02,1.3134
2018/09/03,1.3473
2018/09/04,1.331
2018/09/05,1.3673
2018/09/06,1.1562
2018/09/07,1.0677
2018/09/08,1.0361
2018/09/09,0.9685
2018/09/10,0.9943
2018/09/11,1.0101
2018/09/12,1.0016
2018/09/13,1.0186
2018/09/14,1.0698
2018/09/15,1.075
2018/09/16,1.0859
2018/09/17,1.0787
2018/09/18,0.9965
2018/09/19,1.0289
2018/09/20,1.0421
2018/09/21,1.0789
2018/09/22,1.1689
2018/09/23,1.1673
2018/09/24,1.1553
2018/09/25,1.1163
2018/09/26,1.0647
2018/09/27,1.0717
2018/09/28,1.1536
2018/09/29,1.1296
2018/09/30,1.1199
2018/10/01,1.1261
2018/10/02,1.1164
2018/10/03,1.0911
2018/10/04,1.082
2018/10/05,1.108
2018/10/06,1.122
2018/10/07,1.1111
2018/10/08,1.1095
2018/10/09,1.1323
2018/10/10,1.1255
2018/10/11,1.1079
2018/10/12,0.9937
2018/10/13,1.0098
2018/10/14,1.0186
2018/10/15,1.0225
2018/10/16,1.1309
2018/10/17,1.1209
2018/10/18,1.1196
2018/10/19,1.0785
2018/10/20,1.0661
2018/10/21,1.0812
2018/10/22,1.0787
2018/10/23,1.0716
2018/10/24,1.057
2018/10/25,1.0584
2018/10/26,1.0495
2018/10/27,1.0515
2018/10/28,1.0463
2018/10/29,1.0528
2018/10/30,0.9918
2018/10/31,1.0037
2018/11/01,1.0142
2018/11/02,1.0181
2018/11/03,1.0321
2018/11/04,1.0196
2018/11/05,1.0074
2018/11/06,1.0275
2018/11/07,1.0464
2018/11/08,1.0788
2018/11/09,1.0512
2018/11/10,1.0265
2018/11/11,1.0321
2018/11/12,1.0335
2018/11/13,1.0263
2018/11/14,1.0209
2018/11/15,0.8373
2018/11/16,0.8087
2018/11/17,0.7877
2018/11/18,0.7853
2018/11/19,0.7971
2018/11/20,0.6003
2018/11/21,0.4986
2018/11/22,0.5368
2018/11/23,0.4691
2018/11/24,0.4854
2018/11/25,0.3856
2018/11/26,0.4157
2018/11/27,0.3711
2018/11/28,0.376
2018/11/29,0.4669
2018/11/30,0.4705
2018/12/01,0.414
2018/12/02,0.4528
2018/12/03,0.4397
2018/12/04,0.3897
2018/12/05,0.4037
2018/12/06,0.3661
2018/12/07,0.3135
2018/12/08,0.304
2018/12/09,0.3077
2018/12/10,0.3314
2018/12/11,0.3107
2018/12/12,0.3015
2018/12/13,0.3129
2018/12/14,0.288
2018/12/15,0.2752
2018/12/16,0.2768
2018/12/17,0.2767
2018/12/18,0.3294
2018/12/19,0.3588
2018/12/20,0.3658
2018/12/21,0.4452
2018/12/22,0.3992
2018/12/23,0.424
2018/12/24,0.4206
2018/12/25,0.4387
2018/12/26,0.3839
2018/12/27,0.3892
2018/12/28,0.3509
2018/12/29,0.4055
2018/12/30,0.3901
2018/12/31,0.397
2019/01/01,0.3734
2019/01/02,0.3947
2019/01/03,0.4115
2019/01/04,0.3918
2019/01/05,0.4004
2019/01/06,0.395
2019/01/07,0.4441
2019/01/08,0.4392
2019/01/09,0.4359
2019/01/10,0.4381
2019/01/11,0.3632
2019/01/12,0.3654
2019/01/13,0.3589
2019/01/14,0.3391
2019/01/15,0.3696
2019/01/16,0.3539
2019/01/17,0.3603
2019/01/18,0.3654
2019/01/19,0.3613
2019/01/20,0.3773
2019/01/21,0.3506
2019/01/22,0.3495
2019/01/23,0.358
2019/01/24,0.3555
2019/01/25,0.358
2019/01/26,0.3584
2019/01/27,0.3586
2019/01/28,0.357
2019/01/29,0.3336
2019/01/30,0.3304
2019/01/31,0.3395
2019/02/01,0.3349
2019/02/02,0.3419
2019/02/03,0.347
2019/02/04,0.3413
2019/02/05,0.3441
2019/02/06,0.346
2019/02/07,0.3341
2019/02/08,0.3325
2019/02/09,0.3884
2019/02/10,0.3901
2019/02/11,0.3928
2019/02/12,0.3843
2019/02/13,0.3858
2019/02/14,0.3817
2019/02/15,0.3783
2019/02/16,0.3817
2019/02/17,0.3871
2019/02/18,0.3971
2019/02/19,0.4473
2019/02/20,0.4546
2019/02/21,0.4697
2019/02/22,0.4604
2019/02/23,0.4701
2019/02/24,0.5047
2019/02/25,0.4179
2019/02/26,0.4368
2019/02/27,0.4337
2019/02/28,0.435
2019/03/01,0.4359
2019/03/02,0.4363
2019/03/03,0.4376
2019/03/04,0.4351
2019/03/05,0.4143
2019/03/06,0.4465
2019/03/07,0.4488
2019/03/08,0.4519
2019/03/09,0.45
2019/03/10,0.4692
2019/03/11,0.4653
2019/03/12,0.4509
2019/03/13,0.4552
2019/03/14,0.4532
2019/03/15,0.4563
2019/03/16,0.4684
2019/03/17,0.4889
2019/03/18,0.483
2019/03/19,0.485
2019/03/20,0.4922
2019/03/21,0.5007
2019/03/22,0.4862
2019/03/23,0.4883
2019/03/24,0.4939
2019/03/25,0.4906
2019/03/26,0.475
2019/03/27,0.4781
2019/03/28,0.5023
2019/03/29,0.5007
2019/03/30,0.5198
2019/03/31,0.5202
2019/04/01,0.5205
2019/04/02,0.5318
2019/04/03,0.7311
2019/04/04,0.7594
2019/04/05,0.742
2019/04/06,0.7772
2019/04/07,0.7852
2019/04/08,0.8275
2019/04/09,0.856
2019/04/10,0.8253
2019/04/11,0.8692
2019/04/12,0.7857
2019/04/13,0.7963
2019/04/14,0.7931
2019/04/15,0.8168
2019/04/16,0.7823
2019/04/17,0.8369
2019/04/18,0.8383
2019/04/19,0.856
2019/04/20,0.8574
2019/04/21,0.8659
2019/04/22,0.8665
2019/04/23,0.889
2019/04/24,0.9478
2019/04/25,0.9115
2019/04/26,0.8298
2019/04/27,0.8593
2019/04/28,0.8464
2019/04/29,0.8463
2019/04/30,0.8272
2019/05/01,0.8565
2019/05/02,0.876
2019/05/03,0.907
2019/05/04,1.002
2019/05/05,1.0266
2019/05/06,1.0065
2019/05/07,0.9939
2019/05/08,1.0369
2019/05/09,1.0776
2019/05/10,1.1536
2019/05/11,1.2286
2019/05/12,1.5917
2019/05/13,1.4582
2019/05/14,1.8329
2019/05/15,1.9154
2019/05/16,2.0081
2019/05/17,1.8513
2019/05/18,1.6057
2019/05/19,1.5835
2019/05/20,1.977
2019/05/21,1.8802
2019/05/22,1.8666
2019/05/23,1.7276
2019/05/24,1.8124
2019/05/25,1.8611
2019/05/26,1.8844
2019/05/27,2.1667
2019/05/28,2.2536
2019/05/29,2.2015
2019/05/30,2.1567
2019/05/31,1.985
2019/06/01,2.1071
2019/06/02,2.0904
2019/06/03,2.1762
2019/06/04,1.8953
2019/06/05,1.6697
2019/06/06,1.7206
2019/06/07,1.719
2019/06/08,1.8075
2019/06/09,1.7578
2019/06/10,1.6318
2019/06/11,1.7691
2019/06/12,1.7154
2019/06/13,1.8149
2019/06/14,1.8425
2019/06/15,2.0351
2019/06/16,2.0928
2019/06/17,2.1582
2019/06/18,2.3092
2019/06/19,2.1896
2019/06/20,2.2705
2019/06/21,2.3869
2019/06/22,2.6635
2019/06/23,2.9619
2019/06/24,3.0198
2019/06/25,3.109
2019/06/26,3.5259
2019/06/27,4.236
2019/06/28,3.1114
2019/06/29,3.769
2019/06/30,3.5132
2019/07/01,2.8845
2019/07/02,2.7338
2019/07/03,2.8076
2019/07/04,3.4099
2019/07/05,2.9751
2019/07/06,2.8275
2019/07/07,2.9587
2019/07/08,3.0198
2019/07/09,3.4462
2019/07/10,3.581
2019/07/11,3.3446
2019/07/12,2.9089
2019/07/13,3.1057
2019/07/14,2.8854
2019/07/15,2.3259
2019/07/16,2.5992
2019/07/17,1.9744
2019/07/18,2.0112
2019/07/19,2.4235
2019/07/20,2.3623
2019/07/21,2.4535
2019/07/22,2.3625
2019/07/23,2.2317
2019/07/24,2.0466
2019/07/25,1.9781
2019/07/26,1.998
2019/07/27,1.9731
2019/07/28,1.8061
2019/07/29,1.8287
2019/07/30,1.808
2019/07/31,1.8184
2019/08/01,1.9979
2019/08/02,2.1035
2019/08/03,2.1574
2019/08/04,2.2503
2019/08/05,2.3013
2019/08/06,2.6602
2019/08/07,2.5048
2019/08/08,2.6892
2019/08/09,2.6928
2019/08/10,2.5967
2019/08/11,2.3547
2019/08/12,2.4299
2019/08/13,2.3422
2019/08/14,2.1346
2019/08/15,1.7893
2019/08/16,1.8777
2019/08/17,1.8751
2019/08/18,1.8259
2019/08/19,1.8437
2019/08/20,2.0444
2019/08/21,1.9735
2019/08/22,1.7404
2019/08/23,1.7298
2019/08/24,1.8063
2019/08/25,1.7118
2019/08/26,1.6816
2019/08/27,1.7518
2019/08/28,1.6844
2019/08/29,1.5401
2019/08/30,1.4474
2019/08/31,1.4699
2019/09/01,1.4662
2019/09/02,1.494
2019/09/03,1.6705
2019/09/04,1.7559
2019/09/05,1.7286
2019/09/06,1.7158
2019/09/07,1.6348
2019/09/08,1.6593
2019/09/09,1.6309
2019/09/10,1.5951
2019/09/11,1.5242
2019/09/12,1.5239
2019/09/13,1.5896
2019/09/14,1.5655
2019/09/15,1.5535
2019/09/16,1.5304
2019/09/17,1.5096
2019/09/18,1.481
2019/09/19,1.4588
2019/09/20,1.4765
2019/09/21,1.4455
2019/09/22,1.3858
2019/09/23,1.3893
2019/09/24,1.2885
2019/09/25,1.0315
2019/09/26,0.9665
2019/09/27,0.8841
2019/09/28,0.8979
2019/09/29,0.9023
2019/09/30,0.863
2019/10/01,0.903
2019/10/02,0.9191
2019/10/03,0.9108
2019/10/04,0.8688
2019/10/05,0.8603
2019/10/06,0.8525
2019/10/07,0.7971
2019/10/08,0.8529
2019/10/09,0.8482
2019/10/10,0.9266
2019/10/11,0.9192
2019/10/12,0.8549
2019/10/13,0.8567
2019/10/14,0.8485
2019/10/15,0.856
2019/10/16,0.8171
2019/10/17,0.7806
2019/10/18,0.7904
2019/10/19,0.7629
2019/10/20,0.7585
2019/10/21,0.8054
2019/10/22,0.8046
2019/10/23,0.7676
2019/10/24,0.6592
2019/10/25,0.651
2019/10/26,0.8783
2019/10/27,0.9925
2019/10/28,1.0502
2019/10/29,0.9886
2019/10/30,1.02
2019/10/31,0.9653
2019/11/01,0.9569
2019/11/02,0.9697
2019/11/03,0.98
2019/11/04,0.9553
2019/11/05,0.9875
2019/11/06,0.9669
2019/11/07,0.971
2019/11/08,0.9424
2019/11/09,0.8541
2019/11/10,0.8536
2019/11/11,0.8959
2019/11/12,0.8315
2019/11/13,0.8428
2019/11/14,0.8325
2019/11/15,0.8069
2019/11/16,0.7722
2019/11/17,0.7722
2019/11/18,0.7714
2019/11/19,0.7145
2019/11/20,0.7011
2019/11/21,0.6916
2019/11/22,0.6129
2019/11/23,0.5581
2019/11/24,0.5592
2019/11/25,0.5023
2019/11/26,0.528
2019/11/27,0.5327
2019/11/28,0.5814
2019/11/29,0.5734
2019/11/30,0.6169
2019/12/01,0.5902
2019/12/02,0.5663
2019/12/03,0.551
2019/12/04,0.5468
2019/12/05,0.5347
2019/12/06,0.5587
2019/12/07,0.5821
2019/12/08,0.5757
2019/12/09,0.5771
2019/12/10,0.552
2019/12/11,0.5346
2019/12/12,0.5287
2019/12/13,0.5289
2019/12/14,0.5356
2019/12/15,0.5111
2019/12/16,0.5148
2019/12/17,0.4849
2019/12/18,0.4471
2019/12/19,0.5384
2019/12/20,0.5202
2019/12/21,0.5246
2019/12/22,0.5176
2019/12/23,0.5684
2019/12/24,0.5448
2019/12/25,0.5341
2019/12/26,0.5245
2019/12/27,0.5245
2019/12/28,0.5297
2019/12/29,0.538
2019/12/30,0.5502
2019/12/31,0.5272
2020/01/01,0.5203
2020/01/02,0.5199
2020/01/03,0.4871
2020/01/04,0.5352
2020/01/05,0.5425
2020/01/06,0.5421
2020/01/07,0.6001
2020/01/08,0.6656
2020/01/09,0.6491
2020/01/10,0.6153
2020/01/11,0.6712
2020/01/12,0.6441
2020/01/13,0.6706
2020/01/14,0.6608
2020/01/15,0.7784
2020/01/16,0.7818
2020/01/17,0.7639
2020/01/18,0.7956
2020/01/19,0.796
2020/01/20,0.7579
2020/01/21,0.7476
2020/01/22,0.7636
2020/01/23,0.7532
2020/01/24,0.7105
2020/01/25,0.7135
2020/01/26,0.6999
2020/01/27,0.7421
2020/01/28,0.7918
2020/01/29,0.8722
2020/01/30,0.8637
2020/01/31,0.9066
2020/02/01,0.868
2020/02/02,0.8771
2020/02/03,0.8714
2020/02/04,0.8652
2020/02/05,0.8408
2020/02/06,0.9172
2020/02/07,0.9456
2020/02/08,0.9552
2020/02/09,0.9716
2020/02/10,1.0213
2020/02/11,0.9686
2020/02/12,1.034
2020/02/13,1.0527
2020/02/14,1.029
2020/02/15,1.0471
2020/02/16,0.9609
2020/02/17,0.9692
2020/02/18,0.9257
2020/02/19,1.0043
2020/02/20,0.9039
2020/02/21,0.9013
2020/02/22,0.9131
2020/02/23,0.9099
2020/02/24,0.9645
2020/02/25,0.9114
2020/02/26,0.8509
2020/02/27,0.7546
2020/02/28,0.7511
2020/02/29,0.7401
2020/03/01,0.7123
2020/03/02,0.7143
2020/03/03,0.7712
2020/03/04,0.7452
2020/03/05,0.745
2020/03/06,0.7928
2020/03/07,0.8095
2020/03/08,0.7682
2020/03/09,0.6267
2020/03/10,0.608
2020/03/11,0.6057
2020/03/12,0.61
2020/03/13,0.2567
2020/03/14,0.2987
2020/03/15,0.2648
2020/03/16,0.2843
2020/03/17,0.2475
2020/03/18,0.2843
2020/03/19,0.2833
2020/03/20,0.3735
2020/03/21,0.377
2020/03/22,0.3714
2020/03/23,0.3381
2020/03/24,0.411
2020/03/25,0.4469
2020/03/26,0.4427
2020/03/27,0.4523
2020/03/28,0.4048
2020/03/29,0.3873
2020/03/30,0.3469
2020/03/31,0.4068
2020/04/01,0.4096
2020/04/02,0.4384
2020/04/03,0.461
2020/04/04,0.4512
2020/04/05,0.4686
2020/04/06,0.4592
2020/04/07,0.5309
2020/04/08,0.5164
2020/04/09,0.5376
2020/04/10,0.5307
2020/04/11,0.4702
2020/04/12,0.472
2020/04/13,0.4765
2020/04/14,0.4686
2020/04/15,0.4687
2020/04/16,0.4376
2020/04/17,0.4959
2020/04/18,0.4921
2020/04/19,0.5212
2020/04/20,0.5044
2020/04/21,0.4665
2020/04/22,0.4643
2020/04/23,0.501
2020/04/24,0.5396
2020/04/25,0.5557
2020/04/26,0.5615
2020/04/27,0.5829
2020/04/28,0.5961
2020/04/29,0.593
2020/04/30,0.7521
2020/05/01,0.7281
2020/05/02,0.7635
2020/05/03,0.7867
2020/05/04,0.7717
2020/05/05,0.7695
2020/05/06,0.7886
2020/05/07,0.8118
2020/05/08,0.9606
2020/05/09,0.9322
2020/05/10,0.8824
2020/05/11,0.7369
2020/05/12,0.7107
2020/05/13,0.7403
2020/05/14,0.8248
2020/05/15,0.9171
2020/05/16,0.827
2020/05/17,0.8376
2020/05/18,0.8889
2020/05/19,0.8951
2020/05/20,0.9032
2020/05/21,0.8591
2020/05/22,0.776
2020/05/23,0.7874
2020/05/24,0.793
2020/05/25,0.7182
2020/05/26,0.7425
2020/05/27,0.734
2020/05/28,0.7894
2020/05/29,0.8533
2020/05/30,0.8307
2020/05/31,0.8711
2020/06/01,0.8347
2020/06/02,0.9607
2020/06/03,0.8397
2020/06/04,0.861
2020/06/05,0.8827
2020/06/06,0.8559
2020/06/07,0.8585
2020/06/08,0.87
2020/06/09,0.8739
2020/06/10,0.8703
2020/06/11,0.8871
2020/06/12,0.7889
2020/06/13,0.8111
2020/06/14,0.8088
2020/06/15,0.7859
2020/06/16,0.7983
2020/06/17,0.8122
2020/06/18,0.7997
2020/06/19,0.7869
2020/06/20,0.7704
2020/06/21,0.7762
2020/06/22,0.764
2020/06/23,0.8255
2020/06/24,0.8141
2020/06/25,0.7563
2020/06/26,0.7497
2020/06/27,0.733
2020/06/28,0.7071
2020/06/29,0.7251
2020/06/30,0.7304
2020/07/01,0.7229
2020/07/02,0.7337
2020/07/03,0.7104
2020/07/04,0.7048
2020/07/05,0.7123
2020/07/06,0.7035
2020/07/07,0.7415
2020/07/08,0.7255
2020/07/09,0.7517
2020/07/10,0.7189
2020/07/11,0.7244
2020/07/12,0.715
2020/07/13,0.7229
2020/07/14,0.7123
2020/07/15,0.7114
2020/07/16,0.7029
2020/07/17,0.691
2020/07/18,0.6922
2020/07/19,0.6923
2020/07/20,0.6956
2020/07/21,0.6878
2020/07/22,0.7195
2020/07/23,0.7376
2020/07/24,0.7473
2020/07/25,0.7371
2020/07/26,0.7597
2020/07/27,0.7949
2020/07/28,0.9666
2020/07/29,0.9538
2020/07/30,0.9841
2020/07/31,0.9853
2020/08/01,1.0196
2020/08/02,1.1059
2020/08/03,0.9683
2020/08/04,0.9946
2020/08/05,0.9835
2020/08/06,1.0773
2020/08/07,1.0832
2020/08/08,1.0443
2020/08/09,1.0717
2020/08/10,1.0584
2020/08/11,1.0879
2020/08/12,1.0016
2020/08/13,1.0305
2020/08/14,1.07
2020/08/15,1.0599
2020/08/16,1.0729
2020/08/17,1.0768
2020/08/18,1.1418
2020/08/19,1.0797
2020/08/20,1.0384
2020/08/21,1.0585
2020/08/22,0.9951
2020/08/23,1.0206
2020/08/24,1.0132
2020/08/25,1.0302
2020/08/26,0.9579
2020/08/27,0.9753
2020/08/28,0.9456
2020/08/29,0.9805
2020/08/30,0.9722
2020/08/31,1.0077
2020/09/01,1.0008
2020/09/02,1.0372
2020/09/03,0.9537
2020/09/04,0.7595
2020/09/05,0.8015
2020/09/06,0.7542
2020/09/07,0.7652
2020/09/08,0.7787
2020/09/09,0.7427
2020/09/10,0.7569
2020/09/11,0.7724
2020/09/12,0.7764
2020/09/13,0.7841
2020/09/14,0.7659
2020/09/15,0.8141
2020/09/16,0.8315
2020/09/17,0.8548
2020/09/18,0.8504
2020/09/19,0.8467
2020/09/20,0.869
2020/09/21,0.8419
2020/09/22,0.7674
2020/09/23,0.7787
2020/09/24,0.7329
2020/09/25,0.8045
2020/09/26,0.7956
2020/09/27,0.8024
2020/09/28,0.8034
2020/09/29,0.7856
2020/09/30,0.8063
2020/10/01,0.7925
2020/10/02,0.7679
2020/10/03,0.7561
2020/10/04,0.7489
2020/10/05,0.7629
2020/10/06,0.7761
2020/10/07,0.7475
2020/10/08,0.7532
2020/10/09,0.7812
2020/10/10,0.8032
2020/10/11,0.8326
2020/10/12,0.8428
2020/10/13,0.864
2020/10/14,0.8429
2020/10/15,0.8406
2020/10/16,0.8455
2020/10/17,0.8163
2020/10/18,0.8196
2020/10/19,0.835
2020/10/20,0.8691
2020/10/21,0.8887
2020/10/22,1.0231
2020/10/23,1.0416
2020/10/24,1.0335
2020/10/25,1.0576
2020/10/26,1.0396
2020/10/27,1.0414
2020/10/28,1.1329
2020/10/29,1.067
2020/10/30,1.0876
2020/10/31,1.0979
2020/11/01,1.1319
2020/11/02,1.1167
2020/11/03,1.0855
2020/11/04,1.1502
2020/11/05,1.1632
2020/11/06,1.4076
2020/11/07,1.399
2020/11/08,1.2642
2020/11/09,1.3752
2020/11/10,1.3401
2020/11/11,1.3237
2020/11/12,1.3884
2020/11/13,1.485
2020/11/14,1.4888
2020/11/15,1.4397
2020/11/16,1.4137
2020/11/17,1.5386
2020/11/18,1.7077
2020/11/19,1.7341
2020/11/20,1.7238
2020/11/21,1.8743
2020/11/22,1.8772
2020/11/23,1.8088
2020/11/24,1.795
2020/11/25,1.9317
2020/11/26,1.8551
2020/11/27,1.5421
2020/11/28,1.5351
2020/11/29,1.6326
2020/11/30,1.7087
2020/12/01,1.9806
2020/12/02,1.8227
2020/12/03,1.8819
2020/12/04,1.9173
2020/12/05,1.7689
2020/12/06,1.842
2020/12/07,1.869
2020/12/08,1.8352
2020/12/09,1.6659
2020/12/10,1.6994
2020/12/11,1.6362
2020/12/12,1.592
2020/12/13,1.718
2020/12/14,1.7725
2020/12/15,1.7841
2020/12/16,1.8072
2020/12/17,2.1634
2020/12/18,2.4618
2020/12/19,2.5165
2020/12/20,2.665
2020/12/21,2.5735
2020/12/22,2.4139
2020/12/23,2.6044
2020/12/24,2.4846
2020/12/25,2.567
2020/12/26,2.7512
2020/12/27,3.1485
2020/12/28,3.1164
2020/12/29,3.2623
2020/12/30,3.3126
2020/12/31,3.6375
2021/01/01,3.6586
2021/01/02,3.7161
2021/01/03,4.4292
2021/01/04,4.6296
2021/01/05,4.1893
2021/01/06,4.8613
2021/01/07,5.6621
2021/01/08,6.4364
2021/01/09,6.7979
2021/01/10,6.5699
2021/01/11,5.9153
2021/01/12,5.0636
2021/01/13,4.548
2021/01/14,5.493
2021/01/15,5.9748
2021/01/16,5.21
2021/01/17,5.0188
2021/01/18,4.8554
2021/01/19,5.0304
2021/01/20,4.8563
2021/01/21,4.6799
2021/01/22,3.5052
2021/01/23,3.9538
2021/01/24,3.7151
2021/01/25,3.7348
2021/01/26,3.73
2021/01/27,3.7491
2021/01/28,3.2498
2021/01/29,3.8183
2021/01/30,4.0259
2021/01/31,4.0058
2021/02/01,3.7156
2021/02/02,3.7631
2021/02/03,4.2121
2021/02/04,4.6633
2021/02/05,4.4592
2021/02/06,4.7125
2021/02/07,4.9906
2021/02/08,4.8373
2021/02/09,6.8156
2021/02/10,6.8295
2021/02/11,6.2774
2021/02/12,7.0703
2021/02/13,6.8922
2021/02/14,6.6974
2021/02/15,7.1192
2021/02/16,6.8536
2021/02/17,7.1798
2021/02/18,7.9821
2021/02/19,7.7862
2021/02/20,9.0512
2021/02/21,9.0752
2021/02/22,9.408
2021/02/23,8.3001
2021/02/24,6.5907
2021/02/25,6.849
2021/02/26,6.0364
2021/02/27,5.8755
2021/02/28,5.8521
2021/03/01,5.3935
2021/03/02,6.5549
2021/03/03,6.1765
2021/03/04,6.6509
2021/03/05,6.1218
2021/03/06,6.1627
2021/03/07,6.0933
2021/03/08,6.6191
2021/03/09,6.8238
2021/03/10,7.3888
2021/03/11,7.6792
2021/03/12,8.0958
2021/03/13,7.9011
2021/03/14,8.9426
2021/03/15,8.3212
2021/03/16,7.2694
2021/03/17,7.4692
2021/03/18,7.9784
2021/03/19,7.6145
2021/03/20,7.6275
2021/03/21,7.5917
2021/03/22,7.3153
2021/03/23,6.461
2021/03/24,6.4502
2021/03/25,5.9165
2021/03/26,5.6162
2021/03/27,6.3721
2021/03/28,6.4943
2021/03/29,6.4071
2021/03/30,6.7856
2021/03/31,6.9614
2021/04/01,6.9275
2021/04/02,6.8548
2021/04/03,6.8474
2021/04/04,6.3303
2021/04/05,6.5288
2021/04/06,6.5723
2021/04/07,6.367
2021/04/08,5.8955
2021/04/09,6.2475
2021/04/10,6.2046
2021/04/11,6.5347
2021/04/12,6.4706
2021/04/13,6.3904
2021/04/14,7.1232
2021/04/15,6.8817
2021/04/16,6.8933
2021/04/17,6.4656
2021/04/18,6.1499
2021/04/19,5.3125
2021/04/20,5.1562
2021/04/21,5.2123
2021/04/22,4.7843
2021/04/23,4.3592
2021/04/24,4.1919
2021/04/25,3.9842
2021/04/26,3.7695
2021/04/27,4.5355
2021/04/28,4.6636
2021/04/29,4.5905
2021/04/30,4.3499
2021/05/01,5.0168
2021/05/02,4.9672
2021/05/03,4.717
2021/05/04,4.7728
2021/05/05,4.1321
2021/05/06,4.7236
2021/05/07,4.5306
2021/05/08,4.6257
2021/05/09,4.8111
2021/05/10,4.6785
2021/05/11,4.2773
2021/05/12,4.3975
2021/05/13,3.3658
2021/05/14,3.3347
2021/05/15,3.3002
2021/05/16,2.8775
2021/05/17,2.8319
2021/05/18,2.4833
2021/05/19,2.3887
2021/05/20,1.7774
2021/05/21,2.0765
2021/05/22,1.7593
2021/05/23,1.7653
2021/05/24,1.5252
2021/05/25,1.8508
2021/05/26,1.7992
2021/05/27,1.9018
2021/05/28,1.8181
2021/05/29,1.5441
2021/05/30,1.4564
2021/05/31,1.5279
2021/06/01,1.6611
2021/06/02,1.5943
2021/06/03,1.6736
2021/06/04,1.7959
2021/06/05,1.5903
2021/06/06,1.4657
2021/06/07,1.4824
2021/06/08,1.2861
2021/06/09,1.2888
2021/06/10,1.6063
2021/06/11,1.5438
2021/06/12,1.5687
2021/06/13,1.4288
2021/06/14,1.7128
2021/06/15,1.8341
2021/06/16,1.8019
2021/06/17,1.6147
2021/06/18,1.5959
2021/06/19,1.4025
2021/06/20,1.373
2021/06/21,1.3828
2021/06/22,1.0818
2021/06/23,1.1322
2021/06/24,1.212
2021/06/25,1.2775
2021/06/26,1.08
2021/06/27,1.0811
2021/06/28,1.257
2021/06/29,1.2477
2021/06/30,1.3454
2021/07/01,1.2808
2021/07/02,1.1695
2021/07/03,1.1836
2021/07/04,1.2334
2021/07/05,1.2762
2021/07/06,1.1688
2021/07/07,1.1803
2021/07/08,1.1618
2021/07/09,1.0912
2021/07/10,1.1572
2021/07/11,1.1357
2021/07/12,1.1724
2021/07/13,1.0993
2021/07/14,1.0581
2021/07/15,1.0687
2021/07/16,0.9929
2021/07/17,0.9706
2021/07/18,0.9804
2021/07/19,0.9992
2021/07/20,0.9367
2021/07/21,0.8784
2021/07/22,1.0241
2021/07/23,1.0246
2021/07/24,1.09
2021/07/25,1.1385
2021/07/26,1.2214
2021/07/27,1.3491
2021/07/28,1.4806
2021/07/29,1.5519
2021/07/30,1.5455
2021/07/31,1.6971
2021/08/01,1.6785
2021/08/02,1.5314
2021/08/03,1.4811
2021/08/04,1.4111
2021/08/05,1.5121
2021/08/06,1.5918
2021/08/07,1.7461
2021/08/08,1.8955
2021/08/09,1.8162
2021/08/10,2.028
2021/08/11,1.9639
2021/08/12,1.9591
2021/08/13,1.8557
2021/08/14,2.1274
2021/08/15,2.0653
2021/08/16,2.0526
2021/08/17,1.9611
2021/08/18,1.8308
2021/08/19,1.8656
2021/08/20,2.0057
2021/08/21,2.2145
2021/08/22,2.1846
2021/08/23,2.2072
2021/08/24,2.2252
2021/08/25,2.0806
2021/08/26,2.1686
2021/08/27,2.01
2021/08/28,2.1675
2021/08/29,2.1513
2021/08/30,2.1451
2021/08/31,1.9892
2021/09/01,2.0045
2021/09/02,2.1294
2021/09/03,2.1717
2021/09/04,2.2212
2021/09/05,2.2252
2021/09/06,2.3746
2021/09/07,2.4681
2021/09/08,1.959
2021/09/09,1.8834
2021/09/10,1.9186
2021/09/11,1.7792
2021/09/12,1.809
2021/09/13,1.8881
2021/09/14,1.8009
2021/09/15,1.9611
2021/09/16,2.0466
2021/09/17,2.0175
2021/09/18,1.961
2021/09/19,2.0457
2021/09/20,1.9686
2021/09/21,1.616
2021/09/22,1.4296
2021/09/23,1.6641
2021/09/24,1.7711
2021/09/25,1.5996
2021/09/26,1.6073
2021/09/27,1.6436
2021/09/28,1.5625
2021/09/29,1.4729
2021/09/30,1.5157
2021/10/01,1.6863
2021/10/02,2.034
2021/10/03,1.9993
2021/10/04,2.0412
2021/10/05,2.1238
2021/10/06,2.335
2021/10/07,2.6832
2021/10/08,2.5356
2021/10/09,2.5435
2021/10/10,2.6461
2021/10/11,2.6028
2021/10/12,2.8768
2021/10/13,2.7507
2021/10/14,2.8604
2021/10/15,2.8529
2021/10/16,3.2967
2021/10/17,3.2237
2021/10/18,3.2631
2021/10/19,3.3043
2021/10/20,3.57
2021/10/21,3.7553
2021/10/22,3.3425
2021/10/23,3.1783
2021/10/24,3.2301
2021/10/25,3.183
2021/10/26,3.3948
2021/10/27,3.1143
2021/10/28,2.9125
2021/10/29,3.1235
2021/10/30,3.2765
2021/10/31,3.2262
2021/11/01,3.1845
2021/11/02,3.145
2021/11/03,3.3628
2021/11/04,3.3455
2021/11/05,3.18
2021/11/06,3.1381
2021/11/07,3.1753
2021/11/08,3.3241
2021/11/09,3.8009
2021/11/10,3.7383
2021/11/11,3.5009
2021/11/12,3.4857
2021/11/13,3.4171
2021/11/14,3.4343
2021/11/15,3.5326
2021/11/16,3.3433
2021/11/17,2.9843
2021/11/18,2.9952
2021/11/19,2.6451
2021/11/20,2.7797
2021/11/21,2.9309
2021/11/22,2.8357
2021/11/23,2.5747
2021/11/24,2.6971
2021/11/25,2.643
2021/11/26,2.7988
2021/11/27,2.3352
2021/11/28,2.3944
2021/11/29,2.6327
2021/11/30,2.6839
2021/12/01,2.6018
2021/12/02,2.6104
2021/12/03,2.5448
2021/12/04,2.3002
2021/12/05,1.9181
2021/12/06,1.9214
2021/12/07,2.0108
2021/12/08,2.0201
2021/12/09,2.0053
2021/12/10,1.7958
2021/12/11,1.7485
2021/12/12,1.89
2021/12/13,1.9479
2021/12/14,1.6918
2021/12/15,1.8133
2021/12/16,1.8475
2021/12/17,1.7502
2021/12/18,1.6476
2021/12/19,1.6893
2021/12/20,1.6737
2021/12/21,1.6923
2021/12/22,1.8362
2021/12/23,1.8022
2021/12/24,1.9584
2021/12/25,1.9509
2021/12/26,1.9274
2021/12/27,1.9365
2021/12/28,1.925
2021/12/29,1.6966
2021/12/30,1.607
2021/12/31,1.6511
2022/01/01,1.5876
2022/01/02,1.6883
2022/01/03,1.6544
2022/01/04,1.5916
2022/01/05,1.5475
2022/01/06,1.3938
2022/01/07,1.3635
2022/01/08,1.2558
2022/01/09,1.2665
2022/01/10,1.27
2022/01/11,1.2677
2022/01/12,1.3197
2022/01/13,1.3911
2022/01/14,1.3027
2022/01/15,1.3311
2022/01/16,1.3347
2022/01/17,1.3252
2022/01/18,1.2722
2022/01/19,1.275
2022/01/20,1.2338
2022/01/21,1.1707
2022/01/22,0.9402
2022/01/23,0.8718
2022/01/24,0.9271
2022/01/25,0.9494
2022/01/26,0.959
2022/01/27,0.9512
2022/01/28,0.9707
2022/01/29,0.9991
2022/01/30,1.0172
2022/01/31,1.002
2022/02/01,1.0302
2022/02/02,1.0428
2022/02/03,0.9447
2022/02/04,0.948
2022/02/05,1.1928
2022/02/06,1.1791
2022/02/07,1.2324
2022/02/08,1.3135
2022/02/09,1.3265
2022/02/10,1.3351
2022/02/11,1.2871
2022/02/12,1.216
2022/02/13,1.2031
2022/02/14,1.201
2022/02/15,1.2212
2022/02/16,1.3328
2022/02/17,1.3005
2022/02/18,1.1006
2022/02/19,1.0728
2022/02/20,1.0776
2022/02/21,0.9884
2022/02/22,0.9146
2022/02/23,0.978
2022/02/24,0.9291
2022/02/25,0.9785
2022/02/26,1.0273
2022/02/27,1.0151
2022/02/28,0.9491
2022/03/01,1.2395
2022/03/02,1.3102
2022/03/03,1.281
2022/03/04,1.1949
2022/03/05,1.0165
2022/03/06,1.0296
2022/03/07,0.9766
2022/03/08,0.9579
2022/03/09,0.9912
2022/03/10,1.1642
2022/03/11,1.0286
2022/03/12,0.9928
2022/03/13,0.9992
2022/03/14,0.946
2022/03/15,1.0387
2022/03/16,1.021
2022/03/17,1.118
2022/03/18,1.1088
2022/03/19,1.1537
2022/03/20,1.1732
2022/03/21,1.1222
2022/03/22,1.1099
2022/03/23,1.183
2022/03/24,1.205
2022/03/25,1.2692
2022/03/26,1.2917
2022/03/27,1.3009
2022/03/28,1.4311
2022/03/29,1.4465
2022/03/30,1.473
2022/03/31,1.4465
2022/04/01,1.3522
2022/04/02,1.3947
2022/04/03,1.3676
2022/04/04,1.4017
2022/04/05,1.4116
2022/04/06,1.351
2022/04/07,1.2098
2022/04/08,1.2266
2022/04/09,1.1586
2022/04/10,1.1833
2022/04/11,1.1535
2022/04/12,1.0117
2022/04/13,1.0418
2022/04/14,1.0931
2022/04/15,1.0272
2022/04/16,1.0586
2022/04/17,1.0503
2022/04/18,1.0127
2022/04/19,1.0684
2022/04/20,1.1029
2022/04/21,1.0971
2022/04/22,1.0512
2022/04/23,1.0114
2022/04/24,1.0016
2022/04/25,0.9974
2022/04/26,1.0499
2022/04/27,0.9318
2022/04/28,0.987
2022/04/29,1.0129
2022/04/30,0.9588
2022/05/01,0.9188
2022/05/02,0.9548
2022/05/03,0.9567
2022/05/04,0.9184
2022/05/05,1.0162
2022/05/06,0.8655
2022/05/07,0.8435
2022/05/08,0.8198
2022/05/09,0.7536
2022/05/10,0.5963
2022/05/11,0.6279
2022/05/12,0.5467
2022/05/13,0.5561
2022/05/14,0.5647
2022/05/15,0.6004
2022/05/16,0.6475
2022/05/17,0.5924
2022/05/18,0.617
2022/05/19,0.5505
2022/05/20,0.6152
2022/05/21,0.5719
2022/05/22,0.5826
2022/05/23,0.6186
2022/05/24,0.5726
2022/05/25,0.5935
2022/05/26,0.5922
2022/05/27,0.5842
2022/05/28,0.5584
2022/05/29,0.5775
2022/05/30,0.5953
2022/05/31,0.6912
2022/06/01,0.6982
2022/06/02,0.6137
2022/06/03,0.6423
2022/06/04,0.612
2022/06/05,0.62
2022/06/06,0.6233
2022/06/07,0.6866
2022/06/08,0.6833
2022/06/09,0.6402
2022/06/10,0.6361
2022/06/11,0.5958
2022/06/12,0.5678
2022/06/13,0.5066
2022/06/14,0.3601
2022/06/15,0.3523
2022/06/16,0.3625
2022/06/17,0.2987
2022/06/18,0.3018
2022/06/19,0.2623
2022/06/20,0.3055
2022/06/21,0.3103
2022/06/22,0.3134
2022/06/23,0.293
2022/06/24,0.3277
2022/06/25,0.3338
2022/06/26,0.3432
2022/06/27,0.3293
2022/06/28,0.3209
2022/06/29,0.3075
2022/06/30,0.3032
2022/07/01,0.2893
2022/07/02,0.2844
2022/07/03,0.2813
2022/07/04,0.2835
2022/07/05,0.3129
2022/07/06,0.3117
2022/07/07,0.3245
2022/07/08,0.3609
2022/07/09,0.3685
2022/07/10,0.3605
2022/07/11,0.3376
2022/07/12,0.3114
2022/07/13,0.2926
2022/07/14,0.3207
2022/07/15,0.333
2022/07/16,0.3413
2022/07/17,0.3555
2022/07/18,0.3442
2022/07/19,0.3991
2022/07/20,0.4355
2022/07/21,0.4345
2022/07/22,0.4297
2022/07/23,0.4138
2022/07/24,0.4079
2022/07/25,0.4127
2022/07/26,0.368
2022/07/27,0.3656
2022/07/28,0.4262
2022/07/29,0.4616
2022/07/30,0.4634
2022/07/31,0.4567
2022/08/01,0.447
2022/08/02,0.4461
2022/08/03,0.4363
2022/08/04,0.4299
2022/08/05,0.4239
2022/08/06,0.4454
2022/08/07,0.4371
2022/08/08,0.446
2022/08/09,0.4711
2022/08/10,0.4474
2022/08/11,0.4769
2022/08/12,0.4774
2022/08/13,0.4964
2022/08/14,0.4978
2022/08/15,0.4933
2022/08/16,0.4884
2022/08/17,0.4782
2022/08/18,0.4569
2022/08/19,0.4532
2022/08/20,0.3686
2022/08/21,0.3774
2022/08/22,0.3938
2022/08/23,0.3862
2022/08/24,0.3933
2022/08/25,0.3881
2022/08/26,0.3971
2022/08/27,0.3501
2022/08/28,0.3441
2022/08/29,0.3312
2022/08/30,0.3543
2022/08/31,0.3379
2022/09/01,0.3462
2022/09/02,0.3517
2022/09/03,0.3452
2022/09/04,0.3418
2022/09/05,0.3485
2022/09/06,0.3426
2022/09/07,0.3121
2022/09/08,0.327
2022/09/09,0.3292
2022/09/10,0.4028
2022/09/11,0.4168
2022/09/12,0.4187
2022/09/13,0.4428
2022/09/14,0.3623
2022/09/15,0.3656
2022/09/16,0.3466
2022/09/17,0.3497
2022/09/18,0.3639
2022/09/19,0.3402
2022/09/20,0.3458
2022/09/21,0.3223
2022/09/22,0.3119
2022/09/23,0.3446
2022/09/24,0.3393
2022/09/25,0.3278
2022/09/26,0.3242
2022/09/27,0.3393
2022/09/28,0.3365
2022/09/29,0.349
2022/09/30,0.354
2022/10/01,0.3517
2022/10/02,0.3467
2022/10/03,0.3387
2022/10/04,0.3596
2022/10/05,0.3876
2022/10/06,0.3816
2022/10/07,0.3746
2022/10/08,0.3572
2022/10/09,0.3568
2022/10/10,0.3589
2022/10/11,0.3487
2022/10/12,0.3467
2022/10/13,0.3513
2022/10/14,0.3609
2022/10/15,0.3552
2022/10/16,0.3518
2022/10/17,0.3604
2022/10/18,0.3723
2022/10/19,0.3655
2022/10/20,0.3586
2022/10/21,0.3559
2022/10/22,0.3625
2022/10/23,0.3648
2022/10/24,0.3801
2022/10/25,0.3712
2022/10/26,0.4027
2022/10/27,0.4315
2022/10/28,0.4122
2022/10/29,0.4259
2022/10/30,0.4355
2022/10/31,0.4291
2022/11/01,0.4247
2022/11/02,0.4254
2022/11/03,0.4129
2022/11/04,0.4158
2022/11/05,0.4564
2022/11/06,0.4631
2022/11/07,0.4479
2022/11/08,0.4357
2022/11/09,0.3548
2022/11/10,0.2561
2022/11/11,0.3208
2022/11/12,0.3033
2022/11/13,0.2942
2022/11/14,0.2794
2022/11/15,0.2908
2022/11/16,0.3003
2022/11/17,0.294
2022/11/18,0.2959
2022/11/19,0.2964
2022/11/20,0.2975
2022/11/21,0.2841
2022/11/22,0.2681
2022/11/23,0.2811
2022/11/24,0.2973
2022/11/25,0.2976
2022/11/26,0.2956
2022/11/27,0.2937
2022/11/28,0.2943
2022/11/29,0.2864
2022/11/30,0.2948
2022/12/01,0.3226
2022/12/02,0.3152
2022/12/03,0.3199
2022/12/04,0.3145
2022/12/05,0.3234
2022/12/06,0.3173
2022/12/07,0.3221
2022/12/08,0.3138
2022/12/09,0.3288
2022/12/10,0.3261
2022/12/11,0.3256
2022/12/12,0.3252
2022/12/13,0.3287
2022/12/14,0.3527
2022/12/15,0.3541
2022/12/16,0.3362
2022/12/17,0.3097
2022/12/18,0.3172
2022/12/19,0.3153
2022/12/20,0.304
2022/12/21,0.3224
2022/12/22,0.3198
2022/12/23,0.3207
2022/12/24,0.3201
2022/12/25,0.3229
2022/12/26,0.3232
2022/12/27,0.326
2022/12/28,0.3189
2022/12/29,0.3132
2022/12/30,0.3176
2022/12/31,0.3162
2023/01/01,0.3139
2023/01/02,0.3169
2023/01/03,0.3191
2023/01/04,0.3192
2023/01/05,0.3258
2023/01/06,0.3249
2023/01/07,0.3298
2023/01/08,0.3294
2023/01/09,0.3341
2023/01/10,0.3388
2023/01/11,0.3483
2023/01/12,0.371
2023/01/13,0.4074
2023/01/14,0.4548
2023/01/15,0.5046
2023/01/16,0.496
2023/01/17,0.5106
2023/01/18,0.509
2023/01/19,0.4877
2023/01/20,0.5038
2023/01/21,0.5834
2023/01/22,0.5857
2023/01/23,0.583
2023/01/24,0.595
2023/01/25,0.575
2023/01/26,0.6034
2023/01/27,0.5944
2023/01/28,0.5963
2023/01/29,0.592
2023/01/30,0.6313
2023/01/31,0.5806
2023/02/01,0.5948
2023/02/02,0.6243
2023/02/03,0.6135
2023/02/04,0.6081
2023/02/05,0.6017
2023/02/06,0.5809
2023/02/07,0.5722
2023/02/08,0.5973
2023/02/09,0.5789
2023/02/10,0.523
2023/02/11,0.5132
2023/02/12,0.5249
2023/02/13,0.5192
2023/02/14,0.5202
2023/02/15,0.5396
2023/02/16,0.645
2023/02/17,0.6153
2023/02/18,0.6604
2023/02/19,0.6602
2023/02/20,0.6402
2023/02/21,0.6659
2023/02/22,0.6453
2023/02/23,0.6302
2023/02/24,0.6193
2023/02/25,0.5791
2023/02/26,0.5777
2023/02/27,0.5964
2023/02/28,0.5946
2023/03/01,0.5759
2023/03/02,0.5994
2023/03/03,0.5902
2023/03/04,0.5359
2023/03/05,0.5346
2023/03/06,0.5376
2023/03/07,0.5368
2023/03/08,0.5266
2023/03/09,0.5023
2023/03/10,0.442
2023/03/11,0.4338
2023/03/12,0.4476
2023/03/13,0.5182
2023/03/14,0.6195
2023/03/15,0.6482
2023/03/16,0.6318
2023/03/17,0.6664
2023/03/18,0.7921
2023/03/19,0.7694
2023/03/20,0.8295
2023/03/21,0.8122
2023/03/22,0.8294
2023/03/23,0.7801
2023/03/24,0.8362
2023/03/25,0.784
2023/03/26,0.7859
2023/03/27,0.8051
2023/03/28,0.754
2023/03/29,0.7583
2023/03/30,0.8188
2023/03/31,0.7966
2023/04/01,0.8219
2023/04/02,0.8186
2023/04/03,0.8013
2023/04/04,0.7754
2023/04/05,0.7933
2023/04/06,0.7923
2023/04/07,0.7813
2023/04/08,0.7731
2023/04/09,0.7725
2023/04/10,0.7913
2023/04/11,0.8631
2023/04/12,0.8955
2023/04/13,0.8716
2023/04/14,0.8978
2023/04/15,0.8985
2023/04/16,0.8863
2023/04/17,0.8829
2023/04/18,0.8321
2023/04/19,0.8807
2023/04/20,0.7916
2023/04/21,0.7578
2023/04/22,0.7055
2023/04/23,0.7328
2023/04/24,0.7175
2023/04/25,0.7107
2023/04/26,0.7525
2023/04/27,0.7502
2023/04/28,0.8087
2023/04/29,0.7983
2023/04/30,0.7891
2023/05/01,0.7943
2023/05/02,0.7266
2023/05/03,0.7519
2023/05/04,0.767
2023/05/05,0.7572
2023/05/06,0.7904
2023/05/07,0.7546
2023/05/08,0.7379
2023/05/09,0.6894
2023/05/10,0.6829
2023/05/11,0.6825
2023/05/12,0.6507
2023/05/13,0.6376
2023/05/14,0.6365
2023/05/15,0.6403
2023/05/16,0.6538
2023/05/17,0.6424
2023/05/18,0.6583
2023/05/19,0.6308
2023/05/20,0.6311
2023/05/21,0.6394
2023/05/22,0.6228
2023/05/23,0.6257
2023/05/24,0.6407
2023/05/25,0.5985
2023/05/26,0.6033
2023/05/27,0.6129
2023/05/28,0.6171
2023/05/29,0.6738
2023/05/30,0.6549
2023/05/31,0.6504
2023/06/01,0.6264
2023/06/02,0.605
2023/06/03,0.622
2023/06/04,0.6116
2023/06/05,0.6207
2023/06/06,0.5516
2023/06/07,0.6121
2023/06/08,0.5716
2023/06/09,0.5766
2023/06/10,0.5728
2023/06/11,0.5448
2023/06/12,0.5454
2023/06/13,0.5433
2023/06/14,0.5399
2023/06/15,0.5069
2023/06/16,0.5237
2023/06/17,0.5535
2023/06/18,0.5589
2023/06/19,0.55
2023/06/20,0.5669
2023/06/21,0.6322
2023/06/22,0.7109
2023/06/23,0.7003
2023/06/24,0.7302
2023/06/25,0.7229
2023/06/26,0.7161
2023/06/27,0.7053
2023/06/28,0.7216
2023/06/29,0.6905
2023/06/30,0.7053
2023/07/01,0.7032
2023/07/02,0.7053
2023/07/03,0.702
2023/07/04,0.7252
2023/07/05,0.7056
2023/07/06,0.6895
2023/07/07,0.6646
2023/07/08,0.6763
2023/07/09,0.6713
2023/07/10,0.6645
2023/07/11,0.6717
2023/07/12,0.6789
2023/07/13,0.6668
2023/07/14,0.7101
2023/07/15,0.6572
2023/07/16,0.6539
2023/07/17,0.6486
2023/07/18,0.6421
2023/07/19,0.6269
2023/07/20,0.6274
2023/07/21,0.6193
2023/07/22,0.6221
2023/07/23,0.6112
2023/07/24,0.6231
2023/07/25,0.5852
2023/07/26,0.5845
2023/07/27,0.5879
2023/07/28,0.5791
2023/07/29,0.5815
2023/07/30,0.581
2023/07/31,0.5758
2023/08/01,0.5722
2023/08/02,0.5824
2023/08/03,0.5655
2023/08/04,0.5651
2023/08/05,0.5602
2023/08/06,0.5571
2023/08/07,0.5555
2023/08/08,0.5591
2023/08/09,0.5809
2023/08/10,0.572
2023/08/11,0.5644
2023/08/12,0.5621
2023/08/13,0.5613
2023/08/14,0.5552
2023/08/15,0.5583
2023/08/16,0.5484
2023/08/17,0.5473
